source_url,root_domain
21komposit.ru,21komposit.ru
224lo.ru,224lo.ru
www.2566.by,2566.by
https://4global.ru/,4global.ru
https://www.558arp.by/eng/,558arp.by
https://a7-agent.ru/,a7-agent.ru
a7goldinvest.ru,a7goldinvest.ru
https://abcex.io/,abcex.io
ablog.ltd,ablog.ltd
https://abr.ru/,abr.ru
www.absolutbank.com,absolutbank.com
www.absolutbank.ru,absolutbank.ru
absoluttrade.ru,absoluttrade.ru
accordcommerce.com,accordcommerce.com
https://www.ace-chip.com,ace-chip.com
acecommodity.ch,acecommodity.ch
https://aceera.net/,aceera.net
adora.ltd,adora.ltd
http://adunok.by/,adunok.by
advanalliance.ltd,advanalliance.ltd
adventureoverseas.in,adventureoverseas.in
www.nstri.aeoi.org.ir,aeoi.org.ir
https://www.aeroflot.ru/ru-en,aeroflot.ru
http://www.aeroglobal.co.th/,aeroglobal.co.th
https://aeza.net/,aeza.net
Aeza.ru,aeza.ru
afrinz.ru,afrinz.ru
www.afscoltd.com,afscoltd.com
https://agat-emz.by/,agat-emz.by
www.agddiamond.ru,agddiamond.ru
agoc.ir,agoc.ir
https://airsigma.pro/,airsigma.pro
www.akbars.ru,akbars.ru
https://akmicrotech.ru/,akmicrotech.ru
www.akvamarin-npc.ru,akvamarin-npc.ru
www.al-khaleejbank.com,al-khaleejbank.com
al-tasameem.ltd,al-tasameem.ltd
alabuga.ru,alabuga.ru
www.alfabank.by,alfabank.by
https://alfabank.ru/,alfabank.ru
www.alfastrah.ru,alfastrah.ru
alhawanetworks.ltd,alhawanetworks.ltd
Alistera.ru,alistera.ru
https://www.aljunaidgroup.com,aljunaidgroup.com
allegro.ltd,allegro.ltd
https://alliancecapital.org,alliancecapital.org
https://alliancefleuvecongo.org,alliancefleuvecongo.org
http://almaz-antey.ru/about/27/,almaz-antey.ru
alpha-trade.ae,alpha-trade.ae
alraso.ltd,alraso.ltd
alrosa.ru,alrosa.ru
https://www.altair-holding.com,altair-holding.com
alturion-trade.ltd,alturion-trade.ltd
www.aluminat.com,aluminat.com
amalgammarket.ltd,amalgammarket.ltd
http://www.amangroupco.com,amangroupco.com
www.amntksoyuz.ru,amntksoyuz.ru
amz.ru,amz.ru
https://anozit.ru/,anozit.ru
www.ansarbank.com,ansarbank.com
www.aogc.ir,aogc.ir
www.aoosk.ru/en,aoosk.ru
https://www.aorti.ru,aorti.ru
apexisenergy.com,apexisenergy.com
apzrotor.ru,apzrotor.ru
arcadia-int.ltd,arcadia-int.ltd
arcanestrategy.ltd,arcanestrategy.ltd
https://web.archive.org/web/20191031092520/http:/gsk-it.com/,archive.org
arctosst.com,arctosst.com
ardes.ltd,ardes.ltd
argoninter.com,argoninter.com
www.arian-bank.com,arian-bank.com
https://armtek.kz/,armtek.kz
armuston.ltd,armuston.ltd
arrada-energy.com,arrada-energy.com
https://artek.org/,artek.org
arthemis.ltd,arthemis.ltd
https://artzenu.org.il/%d7%a6%d7%95%d7%a8-%d7%a7%d7%a9%d7%a8/,artzenu.org.il
www.arvandan.org,arvandan.org
https://arvix.pro/,arvix.pro
www.ashtiantablo.com,ashtiantablo.com
assuranceceylan.com,assuranceceylan.com
asteyaltd.com,asteyaltd.com
astraeast.ltd,astraeast.ltd
atlantic-jy.ltd,atlantic-jy.ltd
atlasfzco.com,atlasfzco.com
augustacommodity.com,augustacommodity.com
aurora-borealis.ltd,aurora-borealis.ltd
https://www.autelrobotics.com/,autelrobotics.com
http://www.avangard-plastik.ru/en/,avangard-plastik.ru
www.avangard.center/en,avangard.center
https://aversbank.ru/,aversbank.ru
Avilon.ru,avilon.ru
www.avio-star.com,avio-star.com
http://www.avrasyashipping.com/iletisim,avrasyashipping.com
axmon-holding.com,axmon-holding.com
www.azarab.ir,azarab.ir
aziaship.ru,aziaship.ru
https://azsco.ru/main.html,azsco.ru
azzuriatta.com,azzuriatta.com
babbarakali.com,babbarakali.com
www.balance-ins.ru,balance-ins.ru
balmotrading.com,balmotrading.com
office@ban.by,ban.by
www.bankmellat.ir,bankmellat.ir
www.bankrefah.ir,bankrefah.ir
https://bankstavr.ru/,bankstavr.ru
https://bankvyatich.ru,bankvyatich.ru
https://ibank2.bankvyatich.ru,bankvyatich.ru
https://www.bbr.ru,bbr.ru
www.beksshipping.com,beksshipping.com
https://www.bellatrix-energy.com/,bellatrix-energy.com
http://www.belnaft.co.uk/,belnaft.co.uk
www.belomo.by,belomo.by
bevon-integrated.ltd,bevon-integrated.ltd
https://www.bhz.su,bhz.su
https://www.bid.com.ve/,bid.com.ve
https://bieng.by/,bieng.by
https://www.bitpapa.com,bitpapa.com
https://www.bitpapa.org,bitpapa.org
blackfordcorp.com,blackfordcorp.com
http://blincnc.com/,blincnc.com
www.bloodandhonour.co.uk,bloodandhonour.co.uk
https://www.bloodandhonourworldwide.co.uk,bloodandhonourworldwide.co.uk
Bluehat.hk,bluehat.hk
www.bmi.ir,bmi.ir
www.bmipco.com,bmipco.com
https://bochvar.ru/,bochvar.ru
www.bosfor-avrasya.com.tr,bosfor-avrasya.com.tr
www.bpk-spb.ru,bpk-spb.ru
braidwood.ltd,braidwood.ltd
brasilleum.ltd,brasilleum.ltd
brightpathtrade.ltd,brightpathtrade.ltd
www.brukida.com,brukida.com
www.BSPB.ru,bspb.ru
bsvt.by,bsvt.by
https://www.byit.com.tr/,byit.com.tr
https://canopus.in.th/,canopus.in.th
https://cargaurgente.com,cargaurgente.com
castleton-coop.ltd,castleton-coop.ltd
www.cccb.ru,cccb.ru
https://www.cdb-lazurit.ru/en_index.html,cdb-lazurit.ru
www.cdjx-mw.com,cdjx-mw.com
www.centrinvest.ru,centrinvest.ru
www.chamholding.sy,chamholding.sy
http://www.cheaz.ru,cheaz.ru
https://chinathaigroup.co.th,chinathaigroup.co.th
https://www.chineselathe.com/,chineselathe.com
https://www.chkpz.ru/en/,chkpz.ru
www.cidco.ir,cidco.ir
CIKRF.ru,cikrf.ru
www.cism-ms.ru,cism-ms.ru
www.citc.ir,citc.ir
http://classcom.ru,classcom.ru
cmk-group.ru,cmk-group.ru
colwich.ltd,colwich.ltd
byex.com and 100ex.com,com and 100ex.com
www.comnavtech.com,comnavtech.com
https://www.compel.ru/,compel.ru
http://www.consul-group.ru/,consul-group.ru
Coolcashcam.com,coolcashcam.com
core-stone-fin.ltd,core-stone-fin.ltd
www.cozum.com.tr,cozum.com.tr
www.crafttech.ru,crafttech.ru
https://cranecenter.ru/,cranecenter.ru
https://www.chbrr.crimea.com/,crimea.com
www.crimearw.ru,crimearw.ru
www.crocusnano.com,crocusnano.com
https://crvsp.ru/,crvsp.ru
https://csdalzavod.ru,csdalzavod.ru
csg-trading.ltd,csg-trading.ltd
dafeng-int.ltd,dafeng-int.ltd
https://dalkos.ru,dalkos.ru
dalpribor.ru,dalpribor.ru
decentratech.ltd,decentratech.ltd
http://www.defanews.ir/sug/%D8%B3%D8%A7%D8%B2%D9%85%D8%A7%D9%86 %D8%B5%D9%86%D8%A7%DB%8C%D8%B9 %D9%87%D9%88%D8%A7%D9%81%D8%B6%D8%A7,defanews.ir
defedgetrading.com,defedgetrading.com
Defin.by,defin.by
dexcapitalholding.com,dexcapitalholding.com
https://diamantestate.ru/,diamantestate.ru
https://dilmas.ru/en,dilmas.ru
disentistrading.com,disentistrading.com
https://dnrsovet.su/en/,dnrsovet.su
www.dobrolet.com,dobrolet.com
dovercommodity.com,dovercommodity.com
dreamhometravels.com,dreamhometravels.com
http://dsgd.ru,dsgd.ru
eastwind.ltd,eastwind.ltd
ecomatrix.ltd,ecomatrix.ltd
http://www.edbi.ir/,edbi.ir
www.edbi.ir,edbi.ir
efori.net,efori.net
https://egetir.com.tr/,egetir.com.tr
www.eihbank.de,eihbank.de
modernte@eim.ae,eim.ae
www.eisi.ru,eisi.ru
www.ek-company.com,ek-company.com
www.ekc.ag,ekc.ag
https://elecond.ru/,elecond.ru
https://elesar-group.ru/,elesar-group.ru
http://elpro.su/,elpro.su
www.eltelme.com,eltelme.com
elysium-int.ltd,elysium-int.ltd
Elzond.ru,elzond.ru
modernte@emirates.net.ae,emirates.net.ae
enangueholding.com,enangueholding.com
energopole.ltd,energopole.ltd
www.eogpc.ir,eogpc.ir
equityedengroup.com,equityedengroup.com
www.esb.kg,esb.kg
https://ese.com.hk/ese/,ese.com.hk
www.esnico.com,esnico.com
estrella-int.ltd,estrella-int.ltd
ethosdyn.ltd,ethosdyn.ltd
Euromore.eu,euromore.eu
Euroview.media,euroview.media
evandercommodity.ltd,evandercommodity.ltd
evicorcorporation.com,evicorcorporation.com
www.evraz.com/en,evraz.com
evrazia.su,evrazia.su
http://www.eximbank.ru,eximbank.ru
www.eximbank.ru,eximbank.ru
https://exmo.com/,exmo.com
https://exoraltd.com/,exoraltd.com
exotrade.ltd,exotrade.ltd
Exved.com,exved.com
www.eyvaztechnic.com,eyvaztechnic.com
fadastrade.com,fadastrade.com
www.farhang gostar.net/gtb,farhang gostar.net
farzaneganpb.com,farzaneganpb.com
https://fergchem.com/,fergchem.com
ferrat-nav.ltd,ferrat-nav.ltd
https://www.fesco.ru/en/,fesco.ru
https://www.fiib.com.my/,fiib.com.my
https://fiibbank.com/,fiibbank.com
https://www.fkpkk.ru/,fkpkk.ru
www.fkpppz.ru,fkpppz.ru
https://fkptpz.ru/,fkptpz.ru
flarex-partners.com,flarex-partners.com
www.flight-clubs.com,flight-clubs.com
http://www.fondsk.ru/,fondsk.ru
https://forabank.ru,forabank.ru
https://www.forabank.ru,forabank.ru
www.forabank.ru,forabank.ru
www.forss.tech,forss.tech
foxton-fzco.com,foxton-fzco.com
https://www.frionshipmanagement.com,frionshipmanagement.com
front-fuel.com,front-fuel.com
fuelandoildynamics.com,fuelandoildynamics.com
fujianventures.ltd,fujianventures.ltd
fullerton-int.ltd,fullerton-int.ltd
fusionfluxenergy.com,fusionfluxenergy.com
garantex.io,garantex.io
www.GAZPROMBANK.ru,gazprombank.ru
gearmasters-limited.com,gearmasters-limited.com
https://gelion.uz/,gelion.uz
www.genbank.ru,genbank.ru
www.gerdab.ir,gerdab.ir
http://ghu.by,ghu.by
https://glava-Inr.su/content/konstituciya|https://glava.lnr.info,glava-inr.su
glenbrookcorp.com,glenbrookcorp.com
globalfertilizer-corp.com,globalfertilizer-corp.com
gloriafields.com,gloriafields.com
https://glshpg.com,glshpg.com
glyfex.ltd,glyfex.ltd
bmmaaran@gmail.com,gmail.com
https://www.gniihp.ru/,gniihp.ru
golos.eu,golos.eu
goodwillme.cn,goodwillme.cn
http://sites.google.com/site/sorohco,google.com
www.gorizontrostov.ru,gorizontrostov.ru
govorit.eu,govorit.eu
https://goznak.ru/en/,goznak.ru
http://gpsm.ru/,gpsm.ru
grandall-continental.com,grandall-continental.com
https://grinex.io,grinex.io
www.gsk.com.cn,gsk.com.cn
www.gskcnc.com,gskcnc.com
https://gt-trade.ru/,gt-trade.ru
www.gtbir.com,gtbir.com
gurontrading.com,gurontrading.com
http://hairunpower.com/index.html,hairunpower.com
www.hamshointl.com,hamshointl.com
harmoniainvest.com,harmoniainvest.com
https://hartisdv.ru/,hartisdv.ru
www.harxon.com,harxon.com
www.hbank.by,hbank.by
HeliCo-russia.ru,helico-russia.ru
helvetic.ltd,helvetic.ltd
www.heshuocellulose.com,heshuocellulose.com
www.heshuocellulose.com/,heshuocellulose.com
heston.ltd,heston.ltd
https://hiast.edu.sy/en/contact-us,hiast.edu.sy
www.highlandgold.com,highlandgold.com
hineratrading.ltd,hineratrading.ltd
hinimpex.co.in,hinimpex.co.in
www.hirbodco.ir,hirbodco.ir
www.horsway.com,horsway.com
https://www.htx.com,htx.com
huayinghaitai.com,huayinghaitai.com
hurustrade.com,hurustrade.com
www.hydromash.ru,hydromash.ru
www.iaci.ir,iaci.ir
www.ic-orientir.ru,ic-orientir.ru
https://en.idro.ir/,idro.ir
Idsolution.ru,idsolution.ru
http://www.ieicorp.ir,ieicorp.ir
http://www.ieimil.ir,ieimil.ir
https://ifco.ir/,ifco.ir
Smt.ilogic.ru,ilogic.ru
http://ima-consulting.ru/,ima-consulting.ru
https://www.imedi.ge/,imedi.ge
indefibank.com,indefibank.com
infinite-venture.ltd,infinite-venture.ltd
http://inforos.ru,inforos.ru
www.ingos.ru,ingos.ru
www.inkotech.ru,inkotech.ru
https://inman.ru/,inman.ru
udmz.inni.info,inni.info
https://innopolis.xn--j6w193g/,innopolis.xn--j6w193g
https://inoiinternational.com/,inoiinternational.com
https://integral.by/en,integral.by
http://integralspb.ru/o-kompanii/,integralspb.ru
https://www.integritytech.com.cn,integritytech.com.cn
interconsul.pro,interconsul.pro
http://intershippingservices.com/,intershippingservices.com
https://intervesp.ru/,intervesp.ru
http://www.intgs.ru/index.html,intgs.ru
www.Ioec.com,ioec.com
www.ioico.ir,ioico.ir
www.ioptc.ir,ioptc.ir
http://ipfn.ru,ipfn.ru
www.iranair.com,iranair.com
https://en.iranalumina.ir/,iranalumina.ir
http://www.irancomposites.org.,irancomposites.org
www.iraninsurance.ir,iraninsurance.ir
www.iranlng.ir,iranlng.ir
www.iranyell.com/company/16170/KARANIR_CO,iranyell.com
irmig.ir,irmig.ir
www.isbank.ru,isbank.ru
isxhost.uk,isxhost.uk
http://www.izumrud-ao.ru,izumrud-ao.ru
https://www.jdbbank.com.la,jdbbank.com.la
jiadao-global.com,jiadao-global.com
jinao.ltd,jinao.ltd
Jintang.hk,jintang.hk
jointtrade.ltd,jointtrade.ltd
https://ru.journal-neo.org/,journal-neo.org
www.kalanaft-tehran.com,kalanaft-tehran.com
https://kalashnikovgroup.ru/,kalashnikovgroup.ru
www.kali.by,kali.by
www.kamaz.ru,kamaz.ru
www.karanir.com,karanir.com
kashmani.ltd,kashmani.ltd
https://katehon.com/,katehon.com
www.kavehtools.ir,kavehtools.ir
kazanpowder.ru,kazanpowder.ru
https://kazstanex.kz/,kazstanex.kz
www.kb-omo.by,kb-omo.by
https://kbradar.by/,kbradar.by
http://kerch-most.ru/tag/sgm-most,kerch-most.ru
https://keremetbank.kg,keremetbank.kg
www.khishavand.com,khishavand.com
www.kidmatech.by,kidmatech.by
https://kifiko.kg/,kifiko.kg
https://kingroyalmyanmar.com/,kingroyalmyanmar.com
http://www.kolmar.ru/en/,kolmar.ru
https://kordoil.com/divisions/shipping,kordoil.com
https://kpsk-ins.ru/about,kpsk-ins.ru
www.kranark.ru,kranark.ru
www.krastsvetmet.com,krastsvetmet.com
www.kremlev.ru,kremlev.ru
kronshtadt.ru,kronshtadt.ru
kryptonholding.com,kryptonholding.com
http://www.ktrv.ru/,ktrv.ru
https://www.kumz.ru/,kumz.ru
https://kzgroup.ru/,kzgroup.ru
www.kzgroup.ru,kzgroup.ru
lago-azul.ltd,lago-azul.ltd
https://lanta.ru,lanta.ru
https://www.lanta.ru,lanta.ru
www.lanta.ru,lanta.ru
lawson-wise.ltd,lawson-wise.ltd
webmaster@letobank.ru,letobank.ru
levian-int.ltd,levian-int.ltd
liberlogistics.ltd,liberlogistics.ltd
www.liftingmachine.ru,liftingmachine.ru
ling-long.ltd,ling-long.ltd
linxoil.ltd,linxoil.ltd
http://www.ljbc.net,ljbc.net
https://lm-sys.ru/,lm-sys.ru
http://www.lptp.ru/,lptp.ru
www.lukoil.com,lukoil.com
lukoil.ru,lukoil.ru
lumira-capital.ltd,lumira-capital.ltd
luna-adriatic.com,luna-adriatic.com
m9logisitcs.cn,m9logisitcs.cn
m9logistics.com,m9logistics.com
www.ma.gov.kp,ma.gov.kp
www.macpa.net,macpa.net
www.macpar.net,macpar.net
magnuslink.com,magnuslink.com
http://mahtabal.com/,mahtabal.com
pavel676@mail.ru,mail.ru
mainzm.com,mainzm.com
www.majory.co.uk,majory.co.uk
makeyev.ru,makeyev.ru
https://mania.marketing/sr,mania.marketing
marinexltd.com,marinexltd.com
marioncommodity.com,marioncommodity.com
www.maritime-mutual.com,maritime-mutual.com
http://marshal.global/en.html,marshal.global
marsolut-management.com,marsolut-management.com
http://massandra.su,massandra.su
mastelmakina.com,mastelmakina.com
http://www.mazandarancement.com,mazandarancement.com
Mcst.ru,mcst.ru
www.mebank.ir,mebank.ir
www.mechel.com,mechel.com
www.melliagrochemical.ir,melliagrochemical.ir
https://www.mellibank.com/,mellibank.com
https://mercantilemaritime.com/,mercantilemaritime.com
mertonroute.com,mertonroute.com
http://www.meson-factory.com,meson-factory.com
www.metafrax.ru,metafrax.ru
https://metal-stanki.ru/,metal-stanki.ru
metalinktrading.com,metalinktrading.com
www.metallic-sy.com,metallic-sy.com
www.metallic-sy.org,metallic-sy.org
www.metallinvestbank.ru,metallinvestbank.ru
https://www.metcomplect.ru/,metcomplect.ru
Mettalurgbank.ru,mettalurgbank.ru
midpoint-trading.com,midpoint-trading.com
https://en.mikron.ru/,mikron.ru
https://eng.mil.ru/en/index.htm,mil.ru
https://ens.mil.ru/science/SRI/information.htm?id=12027@morfOrgScience,mil.ru
https://milindcom.ru,milindcom.ru
http://www.minbank.ru,minbank.ru
www.minospace.cn,minospace.cn
https://mir-lug.info/,mir-lug.info
www.mkb.ru,mkb.ru
mmbt-energy.com,mmbt-energy.com
https://mnsspb.ru/,mnsspb.ru
www.moex.com,moex.com
https://monolinkdmcc.ae,monolinkdmcc.ae
https://en.mop.ir,mop.ir
https://www.mpi-volna.ru/,mpi-volna.ru
www.mpz.ru,mpz.ru
mrimex.ltd,mrimex.ltd
www.msa.ir,msa.ir
www.mt-systems.ru,mt-systems.ru
www.mut.ac.ir,mut.ac.ir
https://mvision.uz/,mvision.uz
https://www.mwvo.org,mwvo.org
https://milrem.mya5.ru/,mya5.ru
myanoil.com,myanoil.com
mz-orsk.ru,mz-orsk.ru
www.mzkt.by,mzkt.by
https://nami.ru/en/,nami.ru
Elzond.narod.ru,narod.ru
https://www.nationalclearingcentre.com/,nationalclearingcentre.com
Natwestlogistics.ae,natwestlogistics.ae
navratan.ltd,navratan.ltd
nawaemlogistics.ltd,nawaemlogistics.ltd
www.nayaraenergy.com,nayaraenergy.com
https://ncmetal.ru/en/,ncmetal.ru
neptun-co.com,neptun-co.com
https://neptunzavod.ru,neptunzavod.ru
https://www.new-chess.com,new-chess.com
http://www.newaycnc.com,newaycnc.com
newtonresources.ltd,newtonresources.ltd
www.nidc.ir,nidc.ir
www.nigc.ir,nigc.ir
www.nigc.org,nigc.org
nii-vektor.ru,nii-vektor.ru
http://niiar.ru/eng,niiar.ru
https://niievm.by/,niievm.by
https://niigrafit.ru/en/,niigrafit.ru
https://www.niime.ru,niime.ru
https://niiph.ru/,niiph.ru
https://www.nikiet.ru/,nikiet.ru
nimbustone.ltd,nimbustone.ltd
ningbo-global.ltd,ningbo-global.ltd
www.nioc-intl.ir,nioc-intl.ir
www.nioc.ir,nioc.ir
Niphrit.ru,niphrit.ru
aogpc.nisoc.ir,nisoc.ir
www.gsogpc.nisoc.ir,nisoc.ir
www.nitc.co.ir,nitc.co.ir
https://www.niti.ru,niti.ru
www.okbm.nnov.ru,nnov.ru
nookspotservices.ltd,nookspotservices.ltd
www.nordgold.com,nordgold.com
https://novopressa.ru/,novopressa.ru
https://www.novorosinform.org./,novorosinform.org
http://novorossia.pro,novorossia.pro
http://novorossiia.ru/,novorossiia.ru
https://novorussia-tv.ru/,novorussia-tv.ru
https://novorussia.su/official|https://novopressa.ru/|https://novorussia-tv.ru/|https://novorussia.today/|http://novorossiia.ru/|https://www.novorosinform.org./,novorussia.su
https://novorussia.today/,novorussia.today
https://npkprogress.ru/,npkprogress.ru
npo-poisk.ru,npo-poisk.ru
https://nppsalut.ru/,nppsalut.ru
http://www.itam.nsc.ru/,nsc.ru
www.nsd.ru,nsd.ru
http://www.nskdeti.nso.ru,nso.ru
nspk.ru,nspk.ru
www.nstri.ir,nstri.ir
www.nvco.com,nvco.com
www.oarz.by,oarz.by
http://oboronlogistika.ru/en/,oboronlogistika.ru
ocenterprise.ltd,ocenterprise.ltd
http://oddr.info,oddr.info
https://officersunion.org/ru/,officersunion.org
oilpeakproducts.com,oilpeakproducts.com
okbikar.ru,okbikar.ru
olton-middle.ltd,olton-middle.ltd
www.omk.ru,omk.ru
omnim.ltd,omnim.ltd
https://onemoonmarine.com/,onemoonmarine.com
www.oniip.ru,oniip.ru
www.ooosgm.com,ooosgm.com
www.open.ru/en/,open.ru
orbinex-sol.com,orbinex-sol.com
marketing@oreanda-resort.ru,oreanda-resort.ru
Asv.org.ru,org.ru
https://orientalreview.org/,orientalreview.org
www.orsis.com,orsis.com
oryxqa.ltd,oryxqa.ltd
osdtravels.com,osdtravels.com
ossydey.ltd,ossydey.ltd
https://www.oturnmachinery.com/,oturnmachinery.com
oxel-solutions.ltd,oxel-solutions.ltd
https://finance.ozon.ru,ozon.ru
pacific-waters.com,pacific-waters.com
palfinger-sany.com,palfinger-sany.com
https://palfinger.ru/,palfinger.ru
www.palfsany.com,palfsany.com
https://www.palomaprecious.com,palomaprecious.com
pan-elemental.ltd,pan-elemental.ltd
www.paravar-pars.com,paravar-pars.com
https://parencom.ch/,parencom.ch
www.parsaviation.com,parsaviation.com
www.parsun-endumax.com,parsun-endumax.com
www.parsun.com.cn,parsun.com.cn
www.parsunpower.com,parsunpower.com
www.partosanat.com,partosanat.com
pegas.company,pegas.company
www.peleng.by,peleng.by
https://www.pergam.ru/,pergam.ru
www.mz.perm.ru,perm.ru
perseverance.ae,perseverance.ae
http://www.persiabank.co.uk/,persiabank.co.uk
https://www.petroiran.com/en/,petroiran.com
petromax-international.ltd,petromax-international.ltd
www.petropars.com,petropars.com
https://pgk.ru,pgk.ru
https://phaetongroup.net/,phaetongroup.net
phoenix-solution.ltd,phoenix-solution.ltd
photon.pro/,photon.pro
piladea.ltd,piladea.ltd
http://www.pilotfinanceltd.com.ng,pilotfinanceltd.com.ng
https://www.pktmungmee.com,pktmungmee.com
http://cyber.police.ir/,police.ir
http://police.ir/,police.ir
polyprodmcc.com,polyprodmcc.com
polytechnologiesinc.com,polytechnologiesinc.com
pontustrading.com,pontustrading.com
www.pooyawave.com,pooyawave.com
www.postbank.ir,postbank.ir
Info@ppars.com,ppars.com
https://www.pravfond.ru/,pravfond.ru
https://premera.asia/,premera.asia
primealliancetrades.com,primealliancetrades.com
primegrowth.ltd,primegrowth.ltd
prolink-man.ltd,prolink-man.ltd
proton-orel.ru,proton-orel.ru
www.psbank.ru,psbank.ru
Pskb.com,pskb.com
http://www.qardhusan.org,qardhusan.org
quasartrading.ltd,quasartrading.ltd
qzmtt.com,qzmtt.com
www.raadiran.com,raadiran.com
www.raadiran.ir,raadiran.ir
radar-mms.com,radar-mms.com
Radioautomatic.ru,radioautomatic.ru
www.radioavionica.ru,radioavionica.ru
www.radiozavod.by,radiozavod.by
rafflonline.ltd,rafflonline.ltd
www.Rampageproductions.co.uk,rampageproductions.co.uk
Rapira.io,rapira.io
Rapira.net,rapira.net
Rapira.org,rapira.org
Rapira24.ru,rapira24.ru
Rapiras.ru,rapiras.ru
www.ratep.ru,ratep.ru
rci36.ru,rci36.ru
www.rdif.ru,rdif.ru
www.realistbank.ru,realistbank.ru
https://renera.com/company/,renera.com
www.rgs.ru,rgs.ru
http://www.rimr.ru/,rimr.ru
www.rmk-group.ru,rmk-group.ru
http://www.rncb.ru,rncb.ru
https://en.rnrc.ru,rnrc.ru
rockoil-trading.com,rockoil-trading.com
rockwellenergy.ltd,rockwellenergy.ltd
www.romarine.no,romarine.no
http://rosatomflot.ru/,rosatomflot.ru
https://rosneft.com/,rosneft.com
www.rossiya-airlines.com,rossiya-airlines.com
https://rossiyasegodnya.com,rossiyasegodnya.com
https://www.rostec.ru,rostec.ru
https://rozredkino.ru,rozredkino.ru
rralliance.ltd,rralliance.ltd
https://rsb-group.org/,rsb-group.org
http://www.rshb.ru/en/,rshb.ru
https://www.rshb.ru/,rshb.ru
http://rspp.ru/,rspp.ru
http://rt-komplekt.ru/,rt-komplekt.ru
https://www.rtkt.ru,rtkt.ru
rybar.ru; restmedia.io,ru; restmedia.io
rubus-enterprise.com,rubus-enterprise.com
Rusatom-additive.ru,rusatom-additive.ru
www.rusatom-overseas.com,rusatom-overseas.com
https://rusneftegaz.com/,rusneftegaz.com
http://www.ruspolymet.ru/,ruspolymet.ru
https://russneft.ru/eng/,russneft.ru
https://Rvc.ru,rvc.ru
www.sasta.ryazan.ru,ryazan.ru
www.s-mikron.com.tr,s-mikron.com.tr
www.s7.ru,s7.ru
www.saderbank.com,saderbank.com
www.sadra.ir,sadra.ir
http://www.salavathz.ru/,salavathz.ru
www.samspace.ru,samspace.ru
sarawiexports.ltd,sarawiexports.ltd
www.sarmades.com,sarmades.com
sas-alliance.com,sas-alliance.com
www.sashiraz.co.ir,sashiraz.co.ir
www.sashirazco.com,sashirazco.com
www.sashirazcorp.com,sashirazcorp.com
www.sasta.ru,sasta.ru
https://savingpunjab.org/ and https://www.instagram.com/lohadesigns/,savingpunjab.org
www.sbu canada.org,sbu canada.org
en.sbu.ac.ir,sbu.ac.ir
scaffolloglobe.ltd,scaffolloglobe.ltd
https://scan.aero/index-en.html,scan.aero
https://sccr.ir/en,sccr.ir
www.scf-group.com,scf-group.com
scorpions-hgl.com,scorpions-hgl.com
https://www.sea2sky.co.th/,sea2sky.co.th
selesta.ltd,selesta.ltd
sentura.ltd,sentura.ltd
www.sepanir.com,sepanir.com
www.sepasad.com,sepasad.com
www.sepo.ru,sepo.ru
shanghai-energy.com,shanghai-energy.com
www.sharif.ac.ir,sharif.ac.ir
www.sharif.ir,sharif.ir
shreevaani.ltd,shreevaani.ltd
Shtral.com,shtral.com
https://shvabe-oe.com/,shvabe-oe.com
siam.aero,siam.aero
www.sidar-dz.com,sidar-dz.com
silverarc.ltd,silverarc.ltd
www.sinabank.ir,sinabank.ir
http://sinara.ru,sinara.ru
http://www.sinara.ru,sinara.ru
www.sinnoelec.com,sinnoelec.com
www.sinocnc.com.cn,sinocnc.com.cn
www.sinogroupe.com,sinogroupe.com
http://sinvent.ru/,sinvent.ru
https://sistema.com,sistema.com
skyion-solutions.com,skyion-solutions.com
www.skymaster.com.cn,skymaster.com.cn
www.smpbank.ru,smpbank.ru
www.smz.ru,smz.ru
snktrade.ru,snktrade.ru
snscommodites.com,snscommodites.com
societe-gal.ltd,societe-gal.ltd
www.soglasie.ru,soglasie.ru
https://soguzo.com/,soguzo.com
https://solidbank.ru,solidbank.ru
sonatec.ru,sonatec.ru
https://southfront.org/,southfront.org
www.SOVCOMBANK.ru,sovcombank.ru
sovcomflot.ru,sovcomflot.ru
https://www.sovfracht.ru/,sovfracht.ru
http://www.sowin-ks.com/,sowin-ks.com
https://www.sowincnc.com/,sowincnc.com
atoma.spb.ru,spb.ru
https://rekond.spb.ru/,spb.ru
https://www.eltech.spb.ru/,spb.ru
www.kz-energo.spb.ru,spb.ru
www.zvezda.spb.ru,spb.ru
www.spexchange.com,spexchange.com
www.spsc.ru,spsc.ru
https://spvb.ru/,spvb.ru
www.srzudm.ru,srzudm.ru
https://www.stanex.kz/,stanex.kz
https://stankogomel.by/,stankogomel.by
www.starsapphiregroup.com,starsapphiregroup.com
https://staut.su/,staut.su
https://www.stc-spb.ru/,stc-spb.ru
https://www.strategic-culture.org/,strategic-culture.org
https://STROYSERVIS.com/,stroyservis.com
www.suip.ru,suip.ru
https://www.sunmingcnc.com/zh/,sunmingcnc.com
www.surecompany.com.cn,surecompany.com.cn
info@surena gc.com,surena gc.com
www.surgutneftegas.ru,surgutneftegas.ru
http://sverdlova.ru,sverdlova.ru
Swanenergy.co,swanenergy.co
https://synesis.partners,synesis.partners
http://syriatel.sy,syriatel.sy
https://szjlfy.com/,szjlfy.com
www.szogpc.com,szogpc.com
t-platforms.ru,t-platforms.ru
https://t.me/aezahost,t.me
https://t.me/aezasupport_bot,t.me
https://t.me/ozon_bank_official,t.me
https://tabcorp.co.th,tabcorp.co.th
www.taghtiran.ir,taghtiran.ir
https://www.tanaq.co.th/,tanaq.co.th
tanzhouli.ltd,tanzhouli.ltd
tarsglobal.ltd,tarsglobal.ltd
www.tatneft.ru,tatneft.ru
https://www.taw.kz/,taw.kz
https://www.tbank.ru,tbank.ru
www.tco.ac.ir,tco.ac.ir
www.tco.gov.ir,tco.gov.ir
www.tco.ir,tco.ir
https://tecgr.net,tecgr.net
http://www.technodinamika.ru/,technodinamika.ru
technoparity.com,technoparity.com
https://www.technopolecom.ru/,technopolecom.ru
www.tehnolux.ru,tehnolux.ru
www.tejaratbank.ir,tejaratbank.ir
https://teleportbank.ru,teleportbank.ru
www.teminvestco.com,teminvestco.com
https://test-komplekt.ru/,test-komplekt.ru
tetonglobaltrading.ltd,tetonglobaltrading.ltd
tetrawaters.ltd,tetrawaters.ltd
http://www.texelfcg.com,texelfcg.com
Textent.ru,textent.ru
tezos-fz.ltd,tezos-fz.ltd
tianwei-int.ltd,tianwei-int.ltd
timewaymachine.com,timewaymachine.com
https://www.timewaymachinery.com/,timewaymachinery.com
http://www.tkbbank.ru,tkbbank.ru
www.tkbbank.ru,tkbbank.ru
www.tm-tech.ru,tm-tech.ru
www.parsun.tmall.com,tmall.com
https://tochka.com,tochka.com
www.top-alloy.ru,top-alloy.ru
https://topazlab.ru/en/main-en/,topazlab.ru
totcor-trade.com,totcor-trade.com
http://tpe-vo.ru/,tpe-vo.ru
trade-pioneer.ru,trade-pioneer.ru
tradestreamglobal.com,tradestreamglobal.com
www.transaviaexport.com,transaviaexport.com
http://www.transneft.ru/,transneft.ru
http://www.transstroibank.ru,transstroibank.ru
http://www.transstroybank.ru,transstroybank.ru
https://www.triniti.ru/en/,triniti.ru
http://tros-stanko.ru,tros-stanko.ru
http://www.tsbnk.ru,tsbnk.ru
https://www.tsniimash.ru/,tsniimash.ru
https://tt-association.com,tt-association.com
www.en.ttbank.ir,ttbank.ir
www.ttbank.ir,ttbank.ir
http://hpress.ttn.ru,ttn.ru
https://turkikunion.com/,turkikunion.com
rosat.tvel.ru,tvel.ru
www.ubrr.ru,ubrr.ru
udmw.ru,udmw.ru
http://www.soliton.ufab.ru/   soliton.com.ru,ufab.ru
https://ugmk.com/,ugmk.com
ultimate-spirit.com,ultimate-spirit.com
https://en.umatex.com/company/,umatex.com
https://unimatic.ru/,unimatic.ru
unitycomextrading.com,unitycomextrading.com
https://www.uralairlines.ru/en/,uralairlines.ru
http://uralavia.com/,uralavia.com
www.uralsib.ru,uralsib.ru
uralvagonzavod.ru,uralvagonzavod.ru
urban-prop.ltd,urban-prop.ltd
https://www.usdkg.com/,usdkg.com
https://uzstanex.uz,uzstanex.uz
www.vacuumafarin.com,vacuumafarin.com
valorupfze.com,valorupfze.com
valtara-ventures.ltd,valtara-ventures.ltd
vaultenergyresources.com,vaultenergyresources.com
vector-chem.ltd,vector-chem.ltd
www.velmash.com,velmash.com
venturiaship.com,venturiaship.com
venutadmcc.ltd,venutadmcc.ltd
venutodmcc.ltd,venutodmcc.ltd
venutofze.ltd,venutofze.ltd
vertexent.com,vertexent.com
https://viam.ru/,viam.ru
https://virmavia.com,virmavia.com
vivavistatrading.com,vivavistatrading.com
http://vk.com/club68692201,vk.com
http://vk.com/forabank,vk.com
http://vk.com/kazak_nac_guard,vk.com
http://vk.com/oplot_info,vk.com
http://vk.com/polkdonbassa,vk.com
https://vk.com/luguard,vk.com
https://vk.com/luguardnews,vk.com
https://dalzavod.vl.ru,vl.ru
https://www.vmzko.ru/,vmzko.ru
http://www.vniia.ru/eng/index.php,vniia.ru
vniir-progress.ru,vniir-progress.ru
Vniir.ru,vniir.ru
https://www.volgaflot.com/en/about/,volgaflot.com
volitontrade.com,volitontrade.com
www.voltadefence.com,voltadefence.com
vscport.ru,vscport.ru
www.vsk.ru,vsk.ru
www.vtb.com,vtb.com
www.vvlai.cn,vvlai.cn
www.vvlai.com,vvlai.com
vvlairov.com,vvlairov.com
www.vzavod.ru,vzavod.ru
wangfu.ltd,wangfu.ltd
https://wb-bank.ru/,wb-bank.ru
westpointglobal.ltd,westpointglobal.ltd
windstream-energia.com,windstream-energia.com
https://wissolcomodities.com/,wissolcomodities.com
worldtrade-corp.com,worldtrade-corp.com
Xinbi.com,xinbi.com
https://www.нппзвукотехника.рф,xn--80adjghkcseiha7bl8a.xn--p1ai
https://xn--90abhd2amfbbjkx2jf6f.xn--p1ai/,xn--90abhd2amfbbjkx2jf6f.xn--p1ai
https://дом.рф/,xn--d1aqf.xn--p1ai
https://xn--h1aax.xn--p1ai/about/,xn--h1aax.xn--p1ai
www.yafi.ru,yafi.ru
https://bank.yandex.ru,yandex.ru
https://www.youtube.com/@AezaCloud,youtube.com
http://www.yulongpc.com/,yulongpc.com
https://lk.yunarmy.ru/,yunarmy.ru
https://ywnle-commerce.com,ywnle-commerce.com
https://zadna-int.com,zadna-int.com
http://zala-aero.com,zala-aero.com
www.zaovad.com,zaovad.com
http://www.zavod-elecon.ru/,zavod-elecon.ru
zavodladoga.ru,zavodladoga.ru
www.zenit.ru,zenit.ru
https://zenitfactor.ru/,zenitfactor.ru
zenithglobal-corp.com,zenithglobal-corp.com
www.zeptomicrowave.com,zeptomicrowave.com
www.zhenghengcambodia.com,zhenghengcambodia.com
zheshang.ltd,zheshang.ltd
zion-trades.com,zion-trades.com
Zservers.ru,zservers.ru
www.ztem.by,ztem.by
http://zvezda-npp.ru,zvezda-npp.ru
